{
    "description": "Project configuration file",
    "packOptions": {
        "ignore": []
    },
    "setting": {
        "urlCheck": true,
        "es6": true,
        "enhance": true,
        "postcss": true,
        "preloadBackgroundData": false,
        "minified": true,
        "newFeature": true,
        "coverView": true,
        "nodeModules": false,
        "autoAudits": false,
        "showShadowRootInWxmlPanel": true,
        "scopeDataCheck": false,
        "uglifyFileName": false,
        "checkInvalidKey": true,
        "checkSiteMap": true,
        "uploadWithSourceMap": true,
        "compileHotReLoad": false,
        "lazyloadPlaceholderEnable": false,
        "useMultiFrameRuntime": true,
        "useApiHook": true,
        "useApiHostProcess": true,
        "babelSetting": {
            "ignore": [],
            "disablePlugins": [],
            "outputPath": ""
        },
        "enableEngineNative": false,
        "useIsolateContext": false,
        "userConfirmedBundleSwitch": false,
        "packNpmManually": false,
        "packNpmRelationList": [],
        "minifyWXSS": true,
        "disableUseStrict": false,
        "showES6CompileOption": false,
        "useCompilerPlugins": false,
        "minifyWXML": true
    },
    "compileType": "miniprogram",
    "libVersion": "2.14.4",
    "appid": "wx7ff78abc907f80e8",
    "projectname": "coolcar",
    "miniprogramRoot": "miniprogram/",
    "cloudfunctionTemplateRoot": "",
    "debugOptions": {
        "hidedInDevtools": []
    },
    "scripts": {
        "beforeCompile": "npm run tsc",
        "beforePreview": "npm run tsc",
        "beforeUpload": "npm run tsc"
    },
    "condition": {
        "search": {
            "list": []
        },
        "conversation": {
            "list": []
        },
        "plugin": {
            "list": []
        },
        "game": {
            "list": []
        },
        "gamePlugin": {
            "list": []
        },
        "miniprogram": {
            "list": []
        }
    }
}