{
    "description": "项目配置文件，详见文档：https://developers.weixin.qq.com/miniprogram/dev/devtools/projectconfig.html",
    "packOptions": {
        "ignore": [],
        "include": []
    },
    "miniprogramRoot": "miniprogram/",
    "compileType": "miniprogram",
    "libVersion": "2.14.1",
    "projectname": "coolcar",
    "scripts": {
        "beforeCompile": "npm run tsc",
        "beforePreview": "npm run tsc",
        "beforeUpload": "npm run tsc"
    },
    "setting": {
        "urlCheck": true,
        "es6": true,
        "enhance": true,
        "postcss": false,
        "preloadBackgroundData": false,
        "minified": true,
        "newFeature": true,
        "coverView": true,
        "nodeModules": true,
        "autoAudits": false,
        "showShadowRootInWxmlPanel": true,
        "scopeDataCheck": false,
        "uglifyFileName": false,
        "checkInvalidKey": true,
        "checkSiteMap": true,
        "uploadWithSourceMap": true,
        "compileHotReLoad": false,
        "lazyloadPlaceholderEnable": false,
        "useMultiFrameRuntime": true,
        "useApiHook": true,
        "useApiHostProcess": true,
        "babelSetting": {
            "ignore": [],
            "disablePlugins": [],
            "outputPath": ""
        },
        "enableEngineNative": false,
        "useIsolateContext": false,
        "userConfirmedBundleSwitch": false,
        "packNpmManually": false,
        "packNpmRelationList": [],
        "minifyWXSS": true,
        "disableUseStrict": false,
        "minifyWXML": true,
        "showES6CompileOption": false,
        "useCompilerPlugins": false,
        "useStaticServer": true
    },
    "simulatorType": "wechat",
    "simulatorPluginLibVersion": {},
    "appid": "wx7ff78abc907f80e8",
    "condition": {},
    "srcMiniprogramRoot": "miniprogram/",
    "editorSetting": {
        "tabIndent": "insertSpaces",
        "tabSize": 4
    }
}